{
  "Zn_AAS": {
    "n": 7231,
    "min": 2.0,
    "p50": 69.0,
    "p90": 118.0,
    "p95": 150.0,
    "p99": 260.6999999999998,
    "max": 4200.0,
    "mean": 78.74664638362606,
    "std": 74.78513977300493,
    "bdl_count": 0,
    "bdl_pct": 0.0
  },
  "Cu_AAS": {
    "n": 7232,
    "min": 1.0,
    "p50": 21.0,
    "p90": 55.0,
    "p95": 74.0,
    "p99": 127.0,
    "max": 1170.0,
    "mean": 28.734928097345133,
    "std": 31.577544492270686,
    "bdl_count": 6,
    "bdl_pct": 0.08185538881309685
  },
  "Pb_AAS": {
    "n": 7232,
    "min": 1.0,
    "p50": 8.0,
    "p90": 21.0,
    "p95": 31.0,
    "p99": 59.6899999999996,
    "max": 694.0,
    "mean": 11.174640486725664,
    "std": 15.849539879926319,
    "bdl_count": 260,
    "bdl_pct": 3.547066848567531
  },
  "Ni_AAS": {
    "n": 7232,
    "min": 1.0,
    "p50": 19.0,
    "p90": 49.0,
    "p95": 72.0,
    "p99": 156.0,
    "max": 800.0,
    "mean": 27.29341814159292,
    "std": 34.61462445367285,
    "bdl_count": 12,
    "bdl_pct": 0.1637107776261937
  },
  "Co_AAS": {
    "n": 7232,
    "min": 1.0,
    "p50": 9.0,
    "p90": 18.0,
    "p95": 23.0,
    "p99": 43.0,
    "max": 226.0,
    "mean": 10.85896017699115,
    "std": 9.15564140393393,
    "bdl_count": 62,
    "bdl_pct": 0.8458390177353342
  },
  "Ag_AAS": {
    "n": 7232,
    "min": 0.1,
    "p50": 0.1,
    "p90": 0.3,
    "p95": 0.3,
    "p99": 0.6,
    "max": 3.7,
    "mean": 0.14218750000000002,
    "std": 0.1287035198051464,
    "bdl_count": 5777,
    "bdl_pct": 78.8130968622101
  },
  "Mn_AAS": {
    "n": 7232,
    "min": 2.5,
    "p50": 330.0,
    "p90": 1100.0,
    "p95": 2100.0,
    "p99": 5968.99999999996,
    "max": 20000.0,
    "mean": 650.2459209070796,
    "std": 1352.9790681510501,
    "bdl_count": 1,
    "bdl_pct": 0.013642564802182811
  },
  "Fe_AAS": {
    "n": 7231,
    "min": 0.15,
    "p50": 2.2,
    "p90": 3.51,
    "p95": 4.0,
    "p99": 5.793999999999996,
    "max": 28.0,
    "mean": 2.351825473655096,
    "std": 1.1524705019130737,
    "bdl_count": 0,
    "bdl_pct": 0.0
  },
  "Cd_AAS": {
    "n": 7232,
    "min": 0.1,
    "p50": 0.1,
    "p90": 0.6,
    "p95": 1.0,
    "p99": 2.4,
    "max": 10.4,
    "mean": 0.2621197455752213,
    "std": 0.5003725903011158,
    "bdl_count": 5106,
    "bdl_pct": 69.65893587994543
  },
  "As_AAS": {
    "n": 7230,
    "min": 0.5,
    "p50": 3.0,
    "p90": 9.0,
    "p95": 14.0,
    "p99": 39.0,
    "max": 190.0,
    "mean": 4.41313969571231,
    "std": 7.852536252407046,
    "bdl_count": 880,
    "bdl_pct": 12.005457025920874
  },
  "Mo_AAS": {
    "n": 7232,
    "min": 1.0,
    "p50": 1.0,
    "p90": 2.0,
    "p95": 2.0,
    "p99": 6.0,
    "max": 69.0,
    "mean": 1.2498617256637168,
    "std": 1.5006337047844005,
    "bdl_count": 6515,
    "bdl_pct": 88.88130968622102
  },
  "V_AAS": {
    "n": 7232,
    "min": 2.5,
    "p50": 39.0,
    "p90": 64.0,
    "p95": 76.0,
    "p99": 102.0,
    "max": 407.0,
    "mean": 41.80406526548673,
    "std": 18.877969416437615,
    "bdl_count": 8,
    "bdl_pct": 0.10914051841746249
  },
  "Sb_AAS": {
    "n": 7227,
    "min": 0.1,
    "p50": 0.2,
    "p90": 0.9,
    "p95": 1.3,
    "p99": 2.8,
    "max": 58.0,
    "mean": 0.41344264563442645,
    "std": 0.948633082688496,
    "bdl_count": 3100,
    "bdl_pct": 42.29195088676671
  },
  "Sn_AAS": {
    "n": 7215,
    "min": 0.5,
    "p50": 1.0,
    "p90": 4.0,
    "p95": 5.0,
    "p99": 7.0,
    "max": 36.0,
    "mean": 1.8482328482328483,
    "std": 1.6239481238161486,
    "bdl_count": 1966,
    "bdl_pct": 26.821282401091405
  },
  "Ba_AAS": {
    "n": 7233,
    "min": 54.0,
    "p50": 677.0,
    "p90": 1040.0,
    "p95": 1180.0,
    "p99": 1551.3600000000006,
    "max": 8070.0,
    "mean": 698.9759435918706,
    "std": 313.0099701308214,
    "bdl_count": 0,
    "bdl_pct": 0.0
  },
  "Hg_CVAAS": {
    "n": 7225,
    "min": 5.0,
    "p50": 30.0,
    "p90": 80.0,
    "p95": 110.0,
    "p99": 200.0,
    "max": 795.0,
    "mean": 40.37508650519031,
    "std": 39.56079736559864,
    "bdl_count": 198,
    "bdl_pct": 2.7012278308321966
  },
  "W_Col": {
    "n": 7226,
    "min": 1.0,
    "p50": 1.0,
    "p90": 2.0,
    "p95": 2.0,
    "p99": 10.0,
    "max": 90.0,
    "mean": 1.6307777470246332,
    "std": 2.4071092809690993,
    "bdl_count": 4612,
    "bdl_pct": 62.91950886766712
  },
  "LOI_500": {
    "n": 7073,
    "min": 0.5,
    "p50": 6.0,
    "p90": 18.4,
    "p95": 30.079999999999927,
    "p99": 59.8,
    "max": 98.0,
    "mean": 9.418224232998728,
    "std": 10.917912816216077,
    "bdl_count": 124,
    "bdl_pct": 1.6916780354706684
  },
  "U_NADNC": {
    "n": 7185,
    "min": 0.25,
    "p50": 2.5,
    "p90": 6.2,
    "p95": 8.9,
    "p99": 20.73199999999997,
    "max": 164.0,
    "mean": 3.6242797494780796,
    "std": 6.059126898945093,
    "bdl_count": 25,
    "bdl_pct": 0.34106412005457026
  },
  "F_ISE": {
    "n": 7227,
    "min": 20.0,
    "p50": 305.0,
    "p90": 460.0,
    "p95": 525.0,
    "p99": 700.0,
    "max": 6910.0,
    "mean": 317.2692680226927,
    "std": 145.91600869971663,
    "bdl_count": 1,
    "bdl_pct": 0.013642564802182811
  }
}